scenario,agent,metric,n,mean,ci_95,mean_ci_str
e2_10x,DQN,mean_latency_ms,5,147.5359030223039,16.17094207008823,147.54 ± 16.17
e2_10x,DQN,p95_latency_ms,6,359.2553734810203,144.01838730155777,359.26 ± 144.02
e2_10x,DQN,throughput_rps,6,891.0909282700422,151.43058974322628,891.09 ± 151.43
e2_10x,DQN,sla_violation_rate,6,0.1494100782886757,0.12701264974623802,0.15 ± 0.13
e2_10x,DQN,mean_reward,6,0.5706866190605667,0.07535244458399497,0.57 ± 0.08
e2_10x,PPO,mean_latency_ms,5,101.73096488007653,12.054748033064037,101.73 ± 12.05
e2_10x,PPO,p95_latency_ms,6,178.35751511949752,214.96999955962468,178.36 ± 214.97
e2_10x,PPO,throughput_rps,6,932.8244725738397,172.68019060097689,932.82 ± 172.68
e2_10x,PPO,sla_violation_rate,6,0.11435652872139805,0.16543372373583262,0.11 ± 0.17
e2_10x,PPO,mean_reward,6,0.7558909021696733,0.1133860456689431,0.76 ± 0.11
e2_10x,RoundRobin,mean_latency_ms,5,195.5129746537978,5.02094481711169,195.51 ± 5.02
e2_10x,RoundRobin,p95_latency_ms,6,734.1632311434486,158.54306411002824,734.16 ± 158.54
e2_10x,RoundRobin,throughput_rps,6,849.4911392405064,129.83716000703828,849.49 ± 129.84
e2_10x,RoundRobin,sla_violation_rate,6,0.22750225479302555,0.07069679660999326,0.23 ± 0.07
e2_10x,RoundRobin,mean_reward,6,0.4121832028741974,0.03131792000828392,0.41 ± 0.03
