agent,scenario,seed,p95_latency_ms,throughput_rps,sla_violation_rate,mean_reward
PPO,e1_baseline,112,65.5,116.426582278481,0.0,0.5261988106757162
DQN,e1_baseline,112,65.5,116.426582278481,0.0,0.5202346905939099
RoundRobin,e1_baseline,112,65.5,116.426582278481,0.0,0.5175111888220735
WeightedRoundRobin,e1_baseline,112,65.5,116.426582278481,0.0,0.5175124619992328
LeastConnections,e1_baseline,112,65.5,116.426582278481,0.0,0.5232969643439155
ThresholdAutoscaler,e1_baseline,112,65.5,116.426582278481,0.0,0.5232969643439155
PPO,e2_10x,112,596.0,596.946835443038,0.43613917232838834,0.5353454130180396
DQN,e2_10x,112,639.0,596.5455696202532,0.39646046973205423,0.4241197143634003
RoundRobin,e2_10x,112,426.0,596.946835443038,0.3650135287581533,0.47309921724518433
WeightedRoundRobin,e2_10x,112,435.0,596.946835443038,0.3775923051477137,0.46941313429658377
LeastConnections,e2_10x,112,489.0,596.946835443038,0.4561502837222321,0.5008619197870812
ThresholdAutoscaler,e2_10x,112,489.0,596.946835443038,0.4561502837222321,0.5008619197870812
PPO,e3_50x,112,1392281.0,809.4278481012658,0.9836318321629354,0.3171174062533273
DQN,e3_50x,112,1252001.0,809.4278481012658,0.9831680750856492,0.31677031977643416
RoundRobin,e3_50x,112,348037.0,809.426582278481,0.983072866679054,0.3146801413661027
WeightedRoundRobin,e3_50x,112,348689.0,809.4278481012658,0.9829274947033926,0.3146512372145608
LeastConnections,e3_50x,112,696132.0,809.4278481012658,0.9834076317215983,0.31633055362532636
ThresholdAutoscaler,e3_50x,112,696132.0,809.4278481012658,0.9834076317215983,0.31633055362532636
PPO,e4_100x,112,3131075.0,809.7898734177215,0.991718932457276,0.31646864066707375
DQN,e4_100x,112,2813308.0,809.7898734177215,0.9915265790520472,0.31608851925863013
RoundRobin,e4_100x,112,782739.0,809.7898734177215,0.991460149096566,0.3140430598079399
WeightedRoundRobin,e4_100x,112,781618.0,809.7898734177215,0.9913307574162109,0.31407538354737574
LeastConnections,e4_100x,112,1565487.0,809.7898734177215,0.9915532577490276,0.31571759507575725
ThresholdAutoscaler,e4_100x,112,1565487.0,809.7898734177215,0.9915532577490276,0.31571759507575725
PPO,e6_noisy,112,70.0,181.76835443037976,0.0,0.5409020272975682
DQN,e6_noisy,112,70.0,181.76835443037976,0.0,0.534542896283737
RoundRobin,e6_noisy,112,70.0,181.76835443037976,0.0,0.5273348304849593
WeightedRoundRobin,e6_noisy,112,70.0,181.76835443037976,0.0,0.5273343722200664
LeastConnections,e6_noisy,112,70.0,181.76835443037976,0.0,0.5363708032533435
ThresholdAutoscaler,e6_noisy,112,70.0,181.76835443037976,0.0,0.5363708032533435
